<?xml version='1.0' encoding='utf-8'?>
<annotation>
	<folder>outer_surface_ok_dec82021</folder>
	<filename>outer_surface_211208T073242.png</filename>
	<path>E:\projects\vision_systems\6830_dv6_rotor\6830_dv6.2_model_generation\6830_image_collection\outer_surface_relabelled_data\outer_surface_ok_dec82021\outer_surface_211208T073242.png</path>
	<source>
		<database>Unknown</database>
	</source>
	<size>
		<width>500</width>
		<height>7990</height>
		<depth>1</depth>
	</size>
	<segmented>0</segmented>
	<object>
		<name>GoodImage</name>
		<pose>Unspecified</pose>
		<truncated>0</truncated>
		<difficult>0</difficult>
		<bndbox>
			<xmin>75</xmin>
			<ymin>252</ymin>
			<xmax>144</xmax>
			<ymax>264</ymax>
		</bndbox>
	</object>
	<object>
		<name>Damage</name>
		<pose>Unspecified</pose>
		<truncated>0</truncated>
		<difficult>0</difficult>
		<bndbox>
			<xmin>393</xmin>
			<ymin>513</ymin>
			<xmax>401</xmax>
			<ymax>679</ymax>
		</bndbox>
	</object>
	<object>
		<name>Damage</name>
		<pose>Unspecified</pose>
		<truncated>0</truncated>
		<difficult>0</difficult>
		<bndbox>
			<xmin>394</xmin>
			<ymin>845</ymin>
			<xmax>401</xmax>
			<ymax>958</ymax>
		</bndbox>
	</object>
	<object>
		<name>GoodImage</name>
		<pose>Unspecified</pose>
		<truncated>0</truncated>
		<difficult>0</difficult>
		<bndbox>
			<xmin>78</xmin>
			<ymin>1138</ymin>
			<xmax>137</xmax>
			<ymax>1151</ymax>
		</bndbox>
	</object>
	<object>
		<name>Damage</name>
		<pose>Unspecified</pose>
		<truncated>0</truncated>
		<difficult>0</difficult>
		<bndbox>
			<xmin>393</xmin>
			<ymin>1397</ymin>
			<xmax>401</xmax>
			<ymax>1568</ymax>
		</bndbox>
	</object>
	<object>
		<name>Damage</name>
		<pose>Unspecified</pose>
		<truncated>0</truncated>
		<difficult>0</difficult>
		<bndbox>
			<xmin>393</xmin>
			<ymin>1722</ymin>
			<xmax>402</xmax>
			<ymax>1852</ymax>
		</bndbox>
	</object>
	<object>
		<name>GoodImage</name>
		<pose>Unspecified</pose>
		<truncated>0</truncated>
		<difficult>0</difficult>
		<bndbox>
			<xmin>79</xmin>
			<ymin>2028</ymin>
			<xmax>143</xmax>
			<ymax>2041</ymax>
		</bndbox>
	</object>
	<object>
		<name>GoodImage</name>
		<pose>Unspecified</pose>
		<truncated>0</truncated>
		<difficult>0</difficult>
		<bndbox>
			<xmin>78</xmin>
			<ymin>2098</ymin>
			<xmax>100</xmax>
			<ymax>2187</ymax>
		</bndbox>
	</object>
	<object>
		<name>Damage</name>
		<pose>Unspecified</pose>
		<truncated>0</truncated>
		<difficult>0</difficult>
		<bndbox>
			<xmin>393</xmin>
			<ymin>2296</ymin>
			<xmax>402</xmax>
			<ymax>2469</ymax>
		</bndbox>
	</object>
	<object>
		<name>Damage</name>
		<pose>Unspecified</pose>
		<truncated>0</truncated>
		<difficult>0</difficult>
		<bndbox>
			<xmin>392</xmin>
			<ymin>2631</ymin>
			<xmax>402</xmax>
			<ymax>2748</ymax>
		</bndbox>
	</object>
	<object>
		<name>GoodImage</name>
		<pose>Unspecified</pose>
		<truncated>0</truncated>
		<difficult>0</difficult>
		<bndbox>
			<xmin>81</xmin>
			<ymin>2781</ymin>
			<xmax>121</xmax>
			<ymax>2841</ymax>
		</bndbox>
	</object>
	<object>
		<name>GoodImage</name>
		<pose>Unspecified</pose>
		<truncated>0</truncated>
		<difficult>0</difficult>
		<bndbox>
			<xmin>77</xmin>
			<ymin>2926</ymin>
			<xmax>141</xmax>
			<ymax>2941</ymax>
		</bndbox>
	</object>
	<object>
		<name>GoodImage</name>
		<pose>Unspecified</pose>
		<truncated>0</truncated>
		<difficult>0</difficult>
		<bndbox>
			<xmin>78</xmin>
			<ymin>2994</ymin>
			<xmax>108</xmax>
			<ymax>3052</ymax>
		</bndbox>
	</object>
	<object>
		<name>GoodImage</name>
		<pose>Unspecified</pose>
		<truncated>0</truncated>
		<difficult>0</difficult>
		<bndbox>
			<xmin>97</xmin>
			<ymin>3109</ymin>
			<xmax>114</xmax>
			<ymax>3148</ymax>
		</bndbox>
	</object>
	<object>
		<name>GoodImage</name>
		<pose>Unspecified</pose>
		<truncated>0</truncated>
		<difficult>0</difficult>
		<bndbox>
			<xmin>76</xmin>
			<ymin>3819</ymin>
			<xmax>142</xmax>
			<ymax>3836</ymax>
		</bndbox>
	</object>
	<object>
		<name>Damage</name>
		<pose>Unspecified</pose>
		<truncated>0</truncated>
		<difficult>0</difficult>
		<bndbox>
			<xmin>391</xmin>
			<ymin>4165</ymin>
			<xmax>400</xmax>
			<ymax>4235</ymax>
		</bndbox>
	</object>
	<object>
		<name>GoodImage</name>
		<pose>Unspecified</pose>
		<truncated>0</truncated>
		<difficult>0</difficult>
		<bndbox>
			<xmin>78</xmin>
			<ymin>4412</ymin>
			<xmax>95</xmax>
			<ymax>4528</ymax>
		</bndbox>
	</object>
	<object>
		<name>GoodImage</name>
		<pose>Unspecified</pose>
		<truncated>0</truncated>
		<difficult>0</difficult>
		<bndbox>
			<xmin>75</xmin>
			<ymin>4669</ymin>
			<xmax>90</xmax>
			<ymax>4732</ymax>
		</bndbox>
	</object>
	<object>
		<name>GoodImage</name>
		<pose>Unspecified</pose>
		<truncated>0</truncated>
		<difficult>0</difficult>
		<bndbox>
			<xmin>76</xmin>
			<ymin>4718</ymin>
			<xmax>145</xmax>
			<ymax>4731</ymax>
		</bndbox>
	</object>
	<object>
		<name>Damage</name>
		<pose>Unspecified</pose>
		<truncated>0</truncated>
		<difficult>0</difficult>
		<bndbox>
			<xmin>385</xmin>
			<ymin>5260</ymin>
			<xmax>397</xmax>
			<ymax>5414</ymax>
		</bndbox>
	</object>
	<object>
		<name>Damage</name>
		<pose>Unspecified</pose>
		<truncated>0</truncated>
		<difficult>0</difficult>
		<bndbox>
			<xmin>388</xmin>
			<ymin>4980</ymin>
			<xmax>397</xmax>
			<ymax>5155</ymax>
		</bndbox>
	</object>
	<object>
		<name>GoodImage</name>
		<pose>Unspecified</pose>
		<truncated>0</truncated>
		<difficult>0</difficult>
		<bndbox>
			<xmin>71</xmin>
			<ymin>5604</ymin>
			<xmax>154</xmax>
			<ymax>5616</ymax>
		</bndbox>
	</object>
	<object>
		<name>Damage</name>
		<pose>Unspecified</pose>
		<truncated>0</truncated>
		<difficult>0</difficult>
		<bndbox>
			<xmin>387</xmin>
			<ymin>5867</ymin>
			<xmax>397</xmax>
			<ymax>6033</ymax>
		</bndbox>
	</object>
	<object>
		<name>Damage</name>
		<pose>Unspecified</pose>
		<truncated>0</truncated>
		<difficult>0</difficult>
		<bndbox>
			<xmin>388</xmin>
			<ymin>6139</ymin>
			<xmax>398</xmax>
			<ymax>6307</ymax>
		</bndbox>
	</object>
	<object>
		<name>Damage</name>
		<pose>Unspecified</pose>
		<truncated>0</truncated>
		<difficult>0</difficult>
		<bndbox>
			<xmin>390</xmin>
			<ymin>6750</ymin>
			<xmax>399</xmax>
			<ymax>6872</ymax>
		</bndbox>
	</object>
</annotation>