<?xml version='1.0' encoding='utf-8'?>
<annotation>
	<folder>outer_surface_ok_dec82021</folder>
	<filename>outer_surface_211208T073330.png</filename>
	<path>E:\projects\vision_systems\6830_dv6_rotor\6830_dv6.2_model_generation\6830_image_collection\outer_surface_relabelled_data\outer_surface_ok_dec82021\outer_surface_211208T073330.png</path>
	<source>
		<database>Unknown</database>
	</source>
	<size>
		<width>500</width>
		<height>7990</height>
		<depth>1</depth>
	</size>
	<segmented>0</segmented>
	<object>
		<name>GoodImage</name>
		<pose>Unspecified</pose>
		<truncated>0</truncated>
		<difficult>0</difficult>
		<bndbox>
			<xmin>74</xmin>
			<ymin>256</ymin>
			<xmax>160</xmax>
			<ymax>269</ymax>
		</bndbox>
	</object>
	<object>
		<name>GoodImage</name>
		<pose>Unspecified</pose>
		<truncated>0</truncated>
		<difficult>0</difficult>
		<bndbox>
			<xmin>78</xmin>
			<ymin>2106</ymin>
			<xmax>98</xmax>
			<ymax>2164</ymax>
		</bndbox>
	</object>
	<object>
		<name>GoodImage</name>
		<pose>Unspecified</pose>
		<truncated>0</truncated>
		<difficult>0</difficult>
		<bndbox>
			<xmin>80</xmin>
			<ymin>2165</ymin>
			<xmax>98</xmax>
			<ymax>2370</ymax>
		</bndbox>
	</object>
	<object>
		<name>GoodImage</name>
		<pose>Unspecified</pose>
		<truncated>0</truncated>
		<difficult>0</difficult>
		<bndbox>
			<xmin>79</xmin>
			<ymin>2369</ymin>
			<xmax>95</xmax>
			<ymax>2531</ymax>
		</bndbox>
	</object>
	<object>
		<name>GoodImage</name>
		<pose>Unspecified</pose>
		<truncated>0</truncated>
		<difficult>0</difficult>
		<bndbox>
			<xmin>78</xmin>
			<ymin>2934</ymin>
			<xmax>107</xmax>
			<ymax>2950</ymax>
		</bndbox>
	</object>
	<object>
		<name>GoodImage</name>
		<pose>Unspecified</pose>
		<truncated>0</truncated>
		<difficult>0</difficult>
		<bndbox>
			<xmin>80</xmin>
			<ymin>3102</ymin>
			<xmax>106</xmax>
			<ymax>3140</ymax>
		</bndbox>
	</object>
	<object>
		<name>GoodImage</name>
		<pose>Unspecified</pose>
		<truncated>0</truncated>
		<difficult>0</difficult>
		<bndbox>
			<xmin>78</xmin>
			<ymin>3814</ymin>
			<xmax>111</xmax>
			<ymax>3855</ymax>
		</bndbox>
	</object>
	<object>
		<name>GoodImage</name>
		<pose>Unspecified</pose>
		<truncated>0</truncated>
		<difficult>0</difficult>
		<bndbox>
			<xmin>80</xmin>
			<ymin>3632</ymin>
			<xmax>95</xmax>
			<ymax>3650</ymax>
		</bndbox>
	</object>
	<object>
		<name>Scratch</name>
		<pose>Unspecified</pose>
		<truncated>0</truncated>
		<difficult>0</difficult>
		<bndbox>
			<xmin>225</xmin>
			<ymin>3737</ymin>
			<xmax>231</xmax>
			<ymax>3769</ymax>
		</bndbox>
	</object>
	<object>
		<name>GoodImage</name>
		<pose>Unspecified</pose>
		<truncated>0</truncated>
		<difficult>0</difficult>
		<bndbox>
			<xmin>78</xmin>
			<ymin>3897</ymin>
			<xmax>89</xmax>
			<ymax>3949</ymax>
		</bndbox>
	</object>
	<object>
		<name>GoodImage</name>
		<pose>Unspecified</pose>
		<truncated>0</truncated>
		<difficult>0</difficult>
		<bndbox>
			<xmin>80</xmin>
			<ymin>3952</ymin>
			<xmax>91</xmax>
			<ymax>3972</ymax>
		</bndbox>
	</object>
	<object>
		<name>GoodImage</name>
		<pose>Unspecified</pose>
		<truncated>0</truncated>
		<difficult>0</difficult>
		<bndbox>
			<xmin>76</xmin>
			<ymin>4654</ymin>
			<xmax>89</xmax>
			<ymax>4736</ymax>
		</bndbox>
	</object>
	<object>
		<name>GoodImage</name>
		<pose>Unspecified</pose>
		<truncated>0</truncated>
		<difficult>0</difficult>
		<bndbox>
			<xmin>76</xmin>
			<ymin>4585</ymin>
			<xmax>86</xmax>
			<ymax>4644</ymax>
		</bndbox>
	</object>
	<object>
		<name>GoodImage</name>
		<pose>Unspecified</pose>
		<truncated>0</truncated>
		<difficult>0</difficult>
		<bndbox>
			<xmin>77</xmin>
			<ymin>4789</ymin>
			<xmax>88</xmax>
			<ymax>4836</ymax>
		</bndbox>
	</object>
	<object>
		<name>Scratch</name>
		<pose>Unspecified</pose>
		<truncated>0</truncated>
		<difficult>0</difficult>
		<bndbox>
			<xmin>379</xmin>
			<ymin>6022</ymin>
			<xmax>395</xmax>
			<ymax>6071</ymax>
		</bndbox>
	</object>
	<object>
		<name>GoodImage</name>
		<pose>Unspecified</pose>
		<truncated>0</truncated>
		<difficult>0</difficult>
		<bndbox>
			<xmin>74</xmin>
			<ymin>7436</ymin>
			<xmax>90</xmax>
			<ymax>7467</ymax>
		</bndbox>
	</object>
	<object>
		<name>GoodImage</name>
		<pose>Unspecified</pose>
		<truncated>0</truncated>
		<difficult>0</difficult>
		<bndbox>
			<xmin>73</xmin>
			<ymin>7341</ymin>
			<xmax>88</xmax>
			<ymax>7381</ymax>
		</bndbox>
	</object>
	<object>
		<name>GoodImage</name>
		<pose>Unspecified</pose>
		<truncated>0</truncated>
		<difficult>0</difficult>
		<bndbox>
			<xmin>79</xmin>
			<ymin>3208</ymin>
			<xmax>125</xmax>
			<ymax>3231</ymax>
		</bndbox>
	</object>
	<object>
		<name>Damage</name>
		<pose>Unspecified</pose>
		<truncated>0</truncated>
		<difficult>0</difficult>
		<bndbox>
			<xmin>394</xmin>
			<ymin>2649</ymin>
			<xmax>402</xmax>
			<ymax>2752</ymax>
		</bndbox>
	</object>
	<object>
		<name>Damage</name>
		<pose>Unspecified</pose>
		<truncated>0</truncated>
		<difficult>0</difficult>
		<bndbox>
			<xmin>395</xmin>
			<ymin>2303</ymin>
			<xmax>402</xmax>
			<ymax>2472</ymax>
		</bndbox>
	</object>
	<object>
		<name>Damage</name>
		<pose>Unspecified</pose>
		<truncated>0</truncated>
		<difficult>0</difficult>
		<bndbox>
			<xmin>395</xmin>
			<ymin>1728</ymin>
			<xmax>402</xmax>
			<ymax>1856</ymax>
		</bndbox>
	</object>
	<object>
		<name>Damage</name>
		<pose>Unspecified</pose>
		<truncated>0</truncated>
		<difficult>0</difficult>
		<bndbox>
			<xmin>395</xmin>
			<ymin>1404</ymin>
			<xmax>402</xmax>
			<ymax>1573</ymax>
		</bndbox>
	</object>
</annotation>